{
  "run": "p4",
  "generated_at_utc": "2026-07-19T09:59:47.162859+00:00",
  "eurusd": 0.87451,
  "indices": {
    "NASDAQ_COMPOSITE": {
      "close": 695.33,
      "rsi14": 45.99,
      "obv": 682643600.0,
      "obv_trend_5d": "fallend",
      "atr14": 14.8243,
      "sma20": 718.3455,
      "sma50": 719.0052,
      "sma200": 640.8412,
      "pct_from_sma20": -3.2,
      "pct_from_sma50": -3.29,
      "chg_5d_pct": -4.16,
      "avg_volume_20d": 41773745.0,
      "last_volume": 53985400.0
    },
    "SP500": {
      "close": 743.29,
      "rsi14": 61.06,
      "obv": 604285200.0,
      "obv_trend_5d": "fallend",
      "atr14": 7.6921,
      "sma20": 745.021,
      "sma50": 744.3804,
      "sma200": 696.6916,
      "pct_from_sma20": -0.23,
      "pct_from_sma50": -0.15,
      "chg_5d_pct": -1.54,
      "avg_volume_20d": 52437205.0,
      "last_volume": 62569200.0
    },
    "RUSSELL2000": {
      "close": 294.04,
      "rsi14": 37.68,
      "obv": 775799700.0,
      "obv_trend_5d": "fallend",
      "atr14": 4.1986,
      "sma20": 296.8015,
      "sma50": 290.2956,
      "sma200": 263.4328,
      "pct_from_sma20": -0.93,
      "pct_from_sma50": 1.29,
      "chg_5d_pct": -0.66,
      "avg_volume_20d": 23522050.0,
      "last_volume": 28722900.0
    },
    "VIX": {
      "close": 21.65,
      "rsi14": 43.2,
      "obv": 10105900.0,
      "obv_trend_5d": "steigend",
      "atr14": 0.8436,
      "sma20": 21.4165,
      "sma50": 23.509,
      "sma200": 28.4746,
      "pct_from_sma20": 1.09,
      "pct_from_sma50": -7.91,
      "chg_5d_pct": 6.44,
      "avg_volume_20d": 2475700.0,
      "last_volume": 4658000.0
    },
    "SOX_PROXY": {
      "close": 521.81,
      "rsi14": 38.2,
      "obv": 186056200.0,
      "obv_trend_5d": "fallend",
      "atr14": 34.2986,
      "sma20": 586.15,
      "sma50": 566.3704,
      "sma200": 390.9831,
      "pct_from_sma20": -10.98,
      "pct_from_sma50": -7.87,
      "chg_5d_pct": -10.24,
      "avg_volume_20d": 10295800.0,
      "last_volume": 15558800.0
    }
  },
  "watchlist": {
    "AAPL": {
      "close": 333.74,
      "rsi14": 88.59,
      "obv": 1532424000.0,
      "obv_trend_5d": "steigend",
      "atr14": 8.2557,
      "sma20": 305.518,
      "sma50": 302.6484,
      "sma200": 274.2155,
      "pct_from_sma20": 9.24,
      "pct_from_sma50": 10.27,
      "chg_5d_pct": 5.84,
      "avg_volume_20d": 67415835.0,
      "last_volume": 63365300.0
    },
    "MSFT": {
      "close": 393.82,
      "rsi14": 63.93,
      "obv": -192109000.0,
      "obv_trend_5d": "steigend",
      "atr14": 11.4607,
      "sma20": 381.1575,
      "sma50": 401.5116,
      "sma200": 439.3485,
      "pct_from_sma20": 3.32,
      "pct_from_sma50": -1.92,
      "chg_5d_pct": 2.26,
      "avg_volume_20d": 46852100.0,
      "last_volume": 33010300.0
    },
    "NVDA": {
      "close": 202.81,
      "rsi14": 58.91,
      "obv": 851553400.0,
      "obv_trend_5d": "fallend",
      "atr14": 7.3471,
      "sma20": 202.125,
      "sma50": 209.9148,
      "sma200": 192.395,
      "pct_from_sma20": 0.34,
      "pct_from_sma50": -3.38,
      "chg_5d_pct": -3.86,
      "avg_volume_20d": 144982100.0,
      "last_volume": 144033900.0
    },
    "AMD": {
      "close": 495.76,
      "rsi14": 46.02,
      "obv": 1398428300.0,
      "obv_trend_5d": "fallend",
      "atr14": 40.6964,
      "sma20": 533.019,
      "sma50": 499.084,
      "sma200": 296.6862,
      "pct_from_sma20": -6.99,
      "pct_from_sma50": -0.67,
      "chg_5d_pct": -11.14,
      "avg_volume_20d": 29313590.0,
      "last_volume": 32069200.0
    },
    "AVGO": {
      "close": 370.83,
      "rsi14": 52.28,
      "obv": 280468500.0,
      "obv_trend_5d": "fallend",
      "atr14": 15.8057,
      "sma20": 381.8395,
      "sma50": 402.9444,
      "sma200": 363.6262,
      "pct_from_sma20": -2.88,
      "pct_from_sma50": -7.97,
      "chg_5d_pct": -7.29,
      "avg_volume_20d": 26166705.0,
      "last_volume": 23236500.0
    },
    "CRM": {
      "close": 170.77,
      "rsi14": 64.41,
      "obv": -252705400.0,
      "obv_trend_5d": "fallend",
      "atr14": 6.57,
      "sma20": 161.8685,
      "sma50": 171.5918,
      "sma200": 208.4419,
      "pct_from_sma20": 5.5,
      "pct_from_sma50": -0.48,
      "chg_5d_pct": 4.56,
      "avg_volume_20d": 15731715.0,
      "last_volume": 10185000.0
    },
    "PANW": {
      "close": 358.68,
      "rsi14": 66.9,
      "obv": 16520500.0,
      "obv_trend_5d": "steigend",
      "atr14": 19.4629,
      "sma20": 327.5015,
      "sma50": 283.8782,
      "sma200": 208.4211,
      "pct_from_sma20": 9.52,
      "pct_from_sma50": 26.35,
      "chg_5d_pct": 10.05,
      "avg_volume_20d": 7625100.0,
      "last_volume": 7798000.0
    },
    "NOW": {
      "close": 103.24,
      "rsi14": 58.04,
      "obv": -149850800.0,
      "obv_trend_5d": "fallend",
      "atr14": 5.6679,
      "sma20": 102.405,
      "sma50": 103.3434,
      "sma200": 128.804,
      "pct_from_sma20": 0.82,
      "pct_from_sma50": -0.1,
      "chg_5d_pct": -4.15,
      "avg_volume_20d": 21132660.0,
      "last_volume": 16181600.0
    },
    "LMT": {
      "close": 508.77,
      "rsi14": 50.71,
      "obv": 6546200.0,
      "obv_trend_5d": "fallend",
      "atr14": 12.6979,
      "sma20": 515.339,
      "sma50": 520.8492,
      "sma200": 542.5301,
      "pct_from_sma20": -1.27,
      "pct_from_sma50": -2.32,
      "chg_5d_pct": -2.76,
      "avg_volume_20d": 1315330.0,
      "last_volume": 1273900.0
    },
    "NOC": {
      "close": 521.57,
      "rsi14": 59.61,
      "obv": -10796300.0,
      "obv_trend_5d": "fallend",
      "atr14": 14.0186,
      "sma20": 523.42,
      "sma50": 538.9244,
      "sma200": 610.5462,
      "pct_from_sma20": -0.35,
      "pct_from_sma50": -3.22,
      "chg_5d_pct": -3.35,
      "avg_volume_20d": 1075210.0,
      "last_volume": 1047500.0
    },
    "RTX": {
      "close": 193.51,
      "rsi14": 59.04,
      "obv": 114515800.0,
      "obv_trend_5d": "fallend",
      "atr14": 4.1993,
      "sma20": 192.1675,
      "sma50": 183.9574,
      "sma200": 185.6836,
      "pct_from_sma20": 0.7,
      "pct_from_sma50": 5.19,
      "chg_5d_pct": -1.24,
      "avg_volume_20d": 4653460.0,
      "last_volume": 4200600.0
    },
    "UNH": {
      "close": 426.09,
      "rsi14": 48.88,
      "obv": 55841100.0,
      "obv_trend_5d": "steigend",
      "atr14": 12.7621,
      "sma20": 420.1905,
      "sma50": 402.8822,
      "sma200": 341.4132,
      "pct_from_sma20": 1.4,
      "pct_from_sma50": 5.76,
      "chg_5d_pct": 0.35,
      "avg_volume_20d": 6643785.0,
      "last_volume": 10711300.0
    },
    "ISRG": {
      "close": 345.42,
      "rsi14": 33.39,
      "obv": -10433600.0,
      "obv_trend_5d": "fallend",
      "atr14": 18.1093,
      "sma20": 403.4035,
      "sma50": 416.967,
      "sma200": 486.5607,
      "pct_from_sma20": -14.37,
      "pct_from_sma50": -17.16,
      "chg_5d_pct": -15.08,
      "avg_volume_20d": 3434780.0,
      "last_volume": 11553000.0
    },
    "V": {
      "close": 358.56,
      "rsi14": 65.97,
      "obv": -64376900.0,
      "obv_trend_5d": "fallend",
      "atr14": 9.0986,
      "sma20": 346.3005,
      "sma50": 333.1024,
      "sma200": 329.6278,
      "pct_from_sma20": 3.54,
      "pct_from_sma50": 7.64,
      "chg_5d_pct": 2.75,
      "avg_volume_20d": 9891825.0,
      "last_volume": 7398900.0
    },
    "MA": {
      "close": 543.6,
      "rsi14": 71.2,
      "obv": 3840900.0,
      "obv_trend_5d": "steigend",
      "atr14": 13.3471,
      "sma20": 518.498,
      "sma50": 503.138,
      "sma200": 528.946,
      "pct_from_sma20": 4.84,
      "pct_from_sma50": 8.04,
      "chg_5d_pct": 3.2,
      "avg_volume_20d": 3933520.0,
      "last_volume": 3221600.0
    },
    "CAT": {
      "close": 880.28,
      "rsi14": 31.62,
      "obv": 89399300.0,
      "obv_trend_5d": "fallend",
      "atr14": 45.0914,
      "sma20": 968.989,
      "sma50": 929.005,
      "sma200": 720.0157,
      "pct_from_sma20": -9.15,
      "pct_from_sma50": -5.24,