{
  "run": "p4",
  "generated_at_utc": "2026-07-21T18:18:08.010644+00:00",
  "eurusd": 0.87581,
  "indices": {
    "NASDAQ_COMPOSITE": {
      "close": 709.405,
      "rsi14": 39.08,
      "obv": 633831603.0,
      "obv_trend_5d": -95628197.0,
      "atr14": 14.205,
      "sma20": 714.6903,
      "sma50": 719.3003,
      "sma200": 641.8505,
      "pct_from_sma20": -0.74,
      "pct_from_sma50": -1.38,
      "chg_5d_pct": -1.43,
      "avg_volume_20d": 38609425.0,
      "last_volume": 1391008.0
    },
    "SP500": {
      "close": 748.16,
      "rsi14": 51.28,
      "obv": 550596623.0,
      "obv_trend_5d": -111734077.0,
      "atr14": 7.2964,
      "sma20": 744.977,
      "sma50": 744.8772,
      "sma200": 697.4697,
      "pct_from_sma20": 0.43,
      "pct_from_sma50": 0.44,
      "chg_5d_pct": -0.49,
      "avg_volume_20d": 48725757.0,
      "last_volume": 3337484.0
    },
    "RUSSELL2000": {
      "close": 296.04,
      "rsi14": 41.71,
      "obv": 689076499.0,
      "obv_trend_5d": -51930201.0,
      "atr14": 4.135,
      "sma20": 296.5305,
      "sma50": 290.6814,
      "sma200": 263.9523,
      "pct_from_sma20": -0.17,
      "pct_from_sma50": 1.84,
      "chg_5d_pct": 0.52,
      "avg_volume_20d": 21907903.0,
      "last_volume": 2508876.0
    },
    "VIX": {
      "close": 20.725,
      "rsi14": 45.8,
      "obv": 9235324.0,
      "obv_trend_5d": 1880224.0,
      "atr14": 0.7868,
      "sma20": 21.3267,
      "sma50": 23.2693,
      "sma200": 28.3624,
      "pct_from_sma20": -2.82,
      "pct_from_sma50": -10.93,
      "chg_5d_pct": 0.31,
      "avg_volume_20d": 2411559.0,
      "last_volume": 422788.0
    },
    "SOX_PROXY": {
      "close": 553.43,
      "rsi14": 33.8,
      "obv": 181305523.0,
      "obv_trend_5d": -29160877.0,
      "atr14": 32.4686,
      "sma20": 575.3055,
      "sma50": 567.9372,
      "sma200": 393.6337,
      "pct_from_sma20": -3.8,
      "pct_from_sma50": -2.55,
      "chg_5d_pct": -2.55,
      "avg_volume_20d": 9770406.0,
      "last_volume": 718276.0
    }
  },
  "watchlist": {
    "AAPL": {
      "close": 327.49,
      "rsi14": 80.2,
      "obv": 1394349443.0,
      "obv_trend_5d": 140817243.0,
      "atr14": 8.2293,
      "sma20": 308.471,
      "sma50": 304.231,
      "sma200": 274.9355,
      "pct_from_sma20": 6.17,
      "pct_from_sma50": 7.65,
      "chg_5d_pct": 4.01,
      "avg_volume_20d": 63651326.0,
      "last_volume": 4496028.0,
      "sector": "Technology"
    },
    "MSFT": {
      "close": 398.73,
      "rsi14": 66.48,
      "obv": -174330642.0,
      "obv_trend_5d": 64882058.0,
      "atr14": 10.9021,
      "sma20": 383.8715,
      "sma50": 400.8374,
      "sma200": 438.1653,
      "pct_from_sma20": 3.87,
      "pct_from_sma50": -0.53,
      "chg_5d_pct": 3.59,
      "avg_volume_20d": 43151234.0,
      "last_volume": 3098856.0,
      "sector": "Software/Cloud"
    },
    "NVDA": {
      "close": 206.275,
      "rsi14": 55.77,
      "obv": 627548287.0,
      "obv_trend_5d": -44438513.0,
      "atr14": 7.2593,
      "sma20": 201.6357,
      "sma50": 209.7193,
      "sma200": 192.5737,
      "pct_from_sma20": 2.3,
      "pct_from_sma50": -1.64,
      "chg_5d_pct": -2.61,
      "avg_volume_20d": 131730444.0,
      "last_volume": 9760656.0,
      "sector": "Semiconductors/AI"
    },
    "AMD": {
      "close": 541.88,
      "rsi14": 43.72,
      "obv": 1350718879.0,
      "obv_trend_5d": -61560821.0,
      "atr14": 38.9557,
      "sma20": 530.8415,
      "sma50": 503.396,
      "sma200": 300.2845,
      "pct_from_sma20": 2.08,
      "pct_from_sma50": 7.64,
      "chg_5d_pct": -1.14,
      "avg_volume_20d": 27100234.0,
      "last_volume": 2262024.0,
      "sector": "Semiconductors/AI"
    },
    "AVGO": {
      "close": 385.975,
      "rsi14": 53.16,
      "obv": 290873721.0,
      "obv_trend_5d": -14650779.0,
      "atr14": 15.8214,
      "sma20": 379.8722,
      "sma50": 401.4671,
      "sma200": 364.1304,
      "pct_from_sma20": 1.61,
      "pct_from_sma50": -3.86,
      "chg_5d_pct": -0.81,
      "avg_volume_20d": 23379726.0,
      "last_volume": 1489908.0,
      "sector": "Semiconductors/AI"
    },
    "CRM": {
      "close": 170.27,
      "rsi14": 64.22,
      "obv": -244433830.0,
      "obv_trend_5d": -2896430.0,
      "atr14": 7.1289,
      "sma20": 163.9765,
      "sma50": 171.1224,
      "sma200": 207.7988,
      "pct_from_sma20": 3.84,
      "pct_from_sma50": -0.5,
      "chg_5d_pct": 1.62,
      "avg_volume_20d": 12321473.0,
      "last_volume": 833292.0,
      "sector": "Software/Cloud"
    },
    "PANW": {
      "close": 338.87,
      "rsi14": 49.25,
      "obv": 3936151.0,
      "obv_trend_5d": 2534851.0,
      "atr14": 18.8839,
      "sma20": 333.169,
      "sma50": 290.0246,
      "sma200": 209.8066,
      "pct_from_sma20": 1.71,
      "pct_from_sma50": 16.84,
      "chg_5d_pct": -3.97,
      "avg_volume_20d": 7027212.0,
      "last_volume": 775788.0,
      "sector": "Cybersecurity"
    },
    "NOW": {
      "close": 101.54,
      "rsi14": 53.45,
      "obv": -119117517.0,
      "obv_trend_5d": -32618717.0,
      "atr14": 5.8564,
      "sma20": 103.3145,
      "sma50": 103.8154,
      "sma200": 128.0025,
      "pct_from_sma20": -1.72,
      "pct_from_sma50": -2.19,
      "chg_5d_pct": -3.16,
      "avg_volume_20d": 19230902.0,
      "last_volume": 2763132.0,
      "sector": "Software/Cloud"
    },
    "LMT": {
      "close": 505.6,
      "rsi14": 47.81,
      "obv": 7532573.0,
      "obv_trend_5d": -2212427.0,
      "atr14": 13.4246,
      "sma20": 515.8685,
      "sma50": 520.6186,
      "sma200": 542.6147,
      "pct_from_sma20": -1.99,
      "pct_from_sma50": -2.88,
      "chg_5d_pct": -1.82,
      "avg_volume_20d": 1081855.0,
      "last_volume": 188464.0,
      "sector": "Defense"
    },
    "NOC": {
      "close": 510.76,
      "rsi14": 50.66,
      "obv": -10350110.0,
      "obv_trend_5d": -661710.0,
      "atr14": 16.2393,
      "sma20": 523.7145,
      "sma50": 537.3814,
      "sma200": 609.6461,
      "pct_from_sma20": -2.47,
      "pct_from_sma50": -4.95,
      "chg_5d_pct": -3.39,
      "avg_volume_20d": 965873.0,
      "last_volume": 476836.0,
      "sector": "Defense"
    },
    "RTX": {
      "close": 194.82,
      "rsi14": 58.85,
      "obv": 119826215.0,
      "obv_trend_5d": -739585.0,
      "atr14": 4.5466,
      "sma20": 193.259,
      "sma50": 184.6722,
      "sma200": 185.9572,
      "pct_from_sma20": 0.81,
      "pct_from_sma50": 5.5,
      "chg_5d_pct": 0.74,
      "avg_volume_20d": 4074816.0,
      "last_volume": 301108.0,
      "sector": "Defense/Industrials"
    },
    "UNH": {
      "close": 434.42,
      "rsi14": 61.0,
      "obv": 54878068.0,
      "obv_trend_5d": 13062468.0,
      "atr14": 13.2443,
      "sma20": 422.607,
      "sma50": 405.2612,
      "sma200": 342.2251,
      "pct_from_sma20": 2.8,
      "pct_from_sma50": 7.2,
      "chg_5d_pct": 2.17,
      "avg_volume_20d": 6030422.0,
      "last_volume": 634352.0,
      "sector": "Healthcare"
    },
    "ISRG": {
      "close": 357.25,
      "rsi14": 38.81,
      "obv": -3844234.0,
      "obv_trend_5d": 4614766.0,
      "atr14": 18.6246,
      "sma20": 398.438,
      "sma50": 413.071,
      "sma200": 485.6865,
      "pct_from_sma20": -10.34,
      "pct_from_sma50": -13.51,
      "chg_5d_pct": -5.86,
      "avg_volume_20d": 3399693.0,
      "last_volume": 686352.0,
      "sector": "MedTech"
    },
    "V": {
      "close": 356.96,
      "rsi14": 60.1,
      "obv": -57888260.0,
      "obv_trend_5d": -356760.0,
      "atr14": 8.9221,
      "sma20": 349.485,
      "sma50": 334.6514,
      "sma200": 329.7694,
      "pct_from_sma20": 2.14,
      "pct_from_sma50": 6.67,
      "chg_5d_pct": 0.26,
      "avg_volume_20d": 8820035.0,
      "last_volume": 795684.0,
      "sector": "Payments"
    },
    "MA": {
      "close": 538.62,
      "rsi14": 62.12,
      "obv": 5928524.0,
      "obv_trend_5d": -1966576.0,
      "atr14": 13.034,
      "sma20": 524.107,
      "sma50": 505.0026,
      "sma200": 528.6634,